{
	"editor": {
		"allAngles": false,
		"entityTextureMode": false
	},
	"textureWidth": 16,
	"textureHeight": 16,
	"textureSizes": {
	},
	"textures": {
		"gold": "game:block/metal/ingot/gold"

	},
	"elements": [
		{
			"name": "GoldThermos",
			"from": [ 6.0, 0.0, 6.0 ],
			"to": [ 10.0, 1.0, 10.0 ],
			"rotationOrigin": [ 6.0, 0.0, 6.0 ],
			"faces": {
				"north": { "texture": "#gold", "uv": [ 0.0, 0.0, 4.0, 1.0 ], "windMode": [-1,-1,-1,-1] },
				"east": { "texture": "#gold", "uv": [ 0.0, 0.0, 4.0, 1.0 ], "windMode": [-1,-1,-1,-1] },
				"south": { "texture": "#gold", "uv": [ 0.0, 0.0, 4.0, 1.0 ], "windMode": [-1,-1,-1,-1] },
				"west": { "texture": "#gold", "uv": [ 0.0, 0.0, 4.0, 1.0 ], "autoUv": false, "windMode": [-1,-1,-1,-1] },
				"down": { "texture": "#gold", "uv": [ 0.0, 0.0, 4.0, 4.0 ], "windMode": [-1,-1,-1,-1] }
			},
			"children": [
				{
					"name": "Cannister",
					"from": [ -1.0, 1.0, 0.0 ],
					"to": [ 0.0, 9.0, 4.0 ],
					"rotationOrigin": [ -1.0, 1.0, 0.0 ],
					"faces": {
						"north": { "texture": "#gold", "uv": [ 8.5, 3.0, 9.5, 11.0 ], "windMode": [-1,-1,-1,-1] },
						"south": { "texture": "#gold", "uv": [ 9.5, 3.5, 10.5, 11.5 ], "windMode": [-1,-1,-1,-1] },
						"west": { "texture": "#gold", "uv": [ 7.0, 2.0, 11.0, 10.0 ], "windMode": [-1,-1,-1,-1] },
						"up": { "texture": "#gold", "uv": [ 7.5, 4.5, 8.5, 8.5 ], "windMode": [-1,-1,-1,-1] },
						"down": { "texture": "#gold", "uv": [ 8.0, 4.0, 9.0, 8.0 ], "windMode": [-1,-1,-1,-1] }
					},
					"children": [
						{
							"name": "Cube1",
							"from": [ 1.0, 0.0, -1.0 ],
							"to": [ 5.0, 8.0, 0.0 ],
							"rotationOrigin": [ 5.0, 0.0, -1.0 ],
							"faces": {
								"north": { "texture": "#gold", "uv": [ 8.5, 3.0, 12.5, 11.0 ] },
								"east": { "texture": "#gold", "uv": [ 0.0, 0.0, 1.0, 8.0 ], "windMode": [-1,-1,-1,-1] },
								"west": { "texture": "#gold", "uv": [ 7.0, 2.0, 13.0, 10.0 ], "autoUv": false },
								"up": { "texture": "#gold", "uv": [ 7.5, 4.5, 11.5, 5.5 ] },
								"down": { "texture": "#gold", "uv": [ 8.0, 4.0, 12.0, 5.0 ] }
							}
						},
						{
							"name": "Cube2",
							"from": [ 5.0, 0.0, 0.0 ],
							"to": [ 6.0, 8.0, 4.0 ],
							"rotationOrigin": [ 6.0, 0.0, 4.0 ],
							"faces": {
								"north": { "texture": "#gold", "uv": [ 8.5, 6.0, 13.5, 14.0 ], "autoUv": false },
								"east": { "texture": "#gold", "uv": [ 8.5, 3.0, 12.5, 11.0 ] },
								"south": { "texture": "#gold", "uv": [ 0.0, 0.0, 1.0, 8.0 ] },
								"up": { "texture": "#gold", "uv": [ 7.5, 4.5, 8.5, 8.5 ] },
								"down": { "texture": "#gold", "uv": [ 8.0, 4.0, 9.0, 8.0 ] }
							}
						},
						{
							"name": "Cube3",
							"from": [ 1.0, 0.0, 4.0 ],
							"to": [ 5.0, 8.0, 5.0 ],
							"rotationOrigin": [ 1.0, 0.0, 5.0 ],
							"faces": {
								"east": { "texture": "#gold", "uv": [ 1.5, 3.0, 6.5, 11.0 ], "autoUv": false },
								"south": { "texture": "#gold", "uv": [ 8.5, 3.0, 12.5, 11.0 ] },
								"west": { "texture": "#gold", "uv": [ 0.0, 0.0, 1.0, 8.0 ], "windMode": [-1,-1,-1,-1] },
								"up": { "texture": "#gold", "uv": [ 7.5, 4.5, 11.5, 5.5 ] },
								"down": { "texture": "#gold", "uv": [ 8.0, 4.0, 12.0, 5.0 ] }
							}
						},
						{
							"name": "Cube4",
							"from": [ 2.0, 8.0, 3.0 ],
							"to": [ 4.0, 10.0, 4.0 ],
							"rotationOrigin": [ 2.0, 8.0, 4.0 ],
							"faces": {
								"east": { "texture": "#gold", "uv": [ 0.0, 0.0, 1.0, 2.0 ], "windMode": [-1,-1,-1,-1] },
								"south": { "texture": "#gold", "uv": [ 0.0, 0.0, 2.0, 2.0 ], "windMode": [-1,-1,-1,-1] },
								"west": { "texture": "#gold", "uv": [ 0.0, 0.0, 1.0, 2.0 ], "windMode": [-1,-1,-1,-1] },
								"up": { "texture": "#gold", "uv": [ 0.0, 0.0, 2.0, 1.0 ], "windMode": [-1,-1,-1,-1] }
							},
							"children": [
								{
									"name": "Cube5",
									"from": [ -1.0, 0.0, -2.0 ],
									"to": [ 0.0, 2.0, 0.0 ],
									"rotationOrigin": [ -1.0, 0.0, -2.0 ],
									"faces": {
										"north": { "texture": "#gold", "uv": [ 0.5, 5.5, 1.5, 0.5 ], "autoUv": false },
										"south": { "texture": "#gold", "uv": [ 0.0, 0.0, 1.0, 2.0 ], "windMode": [-1,-1,-1,-1] },
										"west": { "texture": "#gold", "uv": [ 0.0, 0.0, 2.0, 2.0 ], "windMode": [-1,-1,-1,-1] },
										"up": { "texture": "#gold", "uv": [ 0.0, 0.0, 1.0, 2.0 ], "windMode": [-1,-1,-1,-1] }
									}
								},
								{
									"name": "Cube6",
									"from": [ 0.0, 0.0, -3.0 ],
									"to": [ 2.0, 2.0, -2.0 ],
									"rotationOrigin": [ 2.0, 0.0, -3.0 ],
									"faces": {
										"north": { "texture": "#gold", "uv": [ 0.0, 0.0, 2.0, 2.0 ], "windMode": [-1,-1,-1,-1] },
										"east": { "texture": "#gold", "uv": [ 0.0, 0.0, 1.0, 2.0 ], "windMode": [-1,-1,-1,-1] },
										"west": { "texture": "#gold", "uv": [ 0.0, 0.0, 1.0, 2.0 ], "windMode": [-1,-1,-1,-1] },
										"up": { "texture": "#gold", "uv": [ 0.0, 0.0, 2.0, 1.0 ], "windMode": [-1,-1,-1,-1] }
									}
								},
								{
									"name": "Cube7",
									"from": [ 2.0, 0.0, -2.0 ],
									"to": [ 3.0, 2.0, 0.0 ],
									"rotationOrigin": [ 3.0, 0.0, 0.0 ],
									"faces": {
										"north": { "texture": "#gold", "uv": [ 0.0, 0.0, 1.0, 2.0 ], "windMode": [-1,-1,-1,-1] },
										"east": { "texture": "#gold", "uv": [ 0.0, 0.0, 2.0, 2.0 ], "windMode": [-1,-1,-1,-1] },
										"south": { "texture": "#gold", "uv": [ 0.0, 0.0, 1.0, 2.0 ] },
										"up": { "texture": "#gold", "uv": [ 0.0, 0.0, 1.0, 2.0 ], "windMode": [-1,-1,-1,-1] }
									}
								},
								{
									"name": "Cube8",
									"from": [ -1.0, 0.0, 0.0 ],
									"to": [ 0.0, 1.0, 1.0 ],
									"rotationOrigin": [ -1.0, 0.0, 0.0 ],
									"faces": {
										"south": { "texture": "#gold", "uv": [ 0.0, 0.0, 1.0, 1.0 ], "windMode": [-1,-1,-1,-1] },
										"west": { "texture": "#gold", "uv": [ 0.0, 0.0, 1.0, 1.0 ], "windMode": [-1,-1,-1,-1] },
										"up": { "texture": "#gold", "uv": [ 0.0, 0.0, 1.0, 1.0 ], "windMode": [-1,-1,-1,-1] }
									},
									"children": [
										{
											"name": "Cube9",
											"from": [ 0.0, 0.0, -3.0 ],
											"to": [ 1.0, 1.0, -2.0 ],
											"rotationOrigin": [ 0.0, 0.0, -3.0 ],
											"faces": {
												"north": { "texture": "#gold", "uv": [ 0.0, 0.0, 1.0, 1.0 ], "windMode": [-1,-1,-1,-1] },
												"west": { "texture": "#gold", "uv": [ 0.0, 0.0, 1.0, 1.0 ], "windMode": [-1,-1,-1,-1] },
												"up": { "texture": "#gold", "uv": [ 0.0, 0.0, 1.0, 1.0 ], "windMode": [-1,-1,-1,-1] }
											}
										},
										{
											"name": "Cube10",
											"from": [ 3.0, 0.0, -3.0 ],
											"to": [ 4.0, 1.0, -2.0 ],
											"rotationOrigin": [ 3.0, 0.0, -3.0 ],
											"faces": {
												"north": { "texture": "#gold", "uv": [ 0.0, 0.0, 1.0, 1.0 ] },
												"east": { "texture": "#gold", "uv": [ 0.0, 0.0, 1.0, 1.0 ], "windMode": [-1,-1,-1,-1] },
												"up": { "texture": "#gold", "uv": [ 0.0, 0.0, 1.0, 1.0 ], "windMode": [-1,-1,-1,-1] }
											}
										},
										{
											"name": "Cube11",
											"from": [ 3.0, 0.0, 0.0 ],
											"to": [ 4.0, 1.0, 1.0 ],
											"rotationOrigin": [ 3.0, 0.0, 0.0 ],
											"faces": {
												"east": { "texture": "#gold", "uv": [ 0.0, 0.0, 1.0, 1.0 ], "windMode": [-1,-1,-1,-1] },
												"south": { "texture": "#gold", "uv": [ 0.0, 0.0, 1.0, 1.0 ], "windMode": [-1,-1,-1,-1] },
												"up": { "texture": "#gold", "uv": [ 0.0, 0.0, 1.0, 1.0 ], "windMode": [-1,-1,-1,-1] }
											}
										}
									]
								}
							]
						}
					]
				},
				{
					"name": "Cap",
					"from": [ 1.0, 11.0, 1.0 ],
					"to": [ 3.0, 13.0, 3.0 ],
					"rotationOrigin": [ 1.0, 11.0, 1.0 ],
					"faces": {
						"north": { "texture": "#gold", "uv": [ 0.0, 0.0, 2.0, 2.0 ] },
						"east": { "texture": "#gold", "uv": [ 0.0, 0.0, 2.0, 2.0 ], "windMode": [-1,-1,-1,-1] },
						"south": { "texture": "#gold", "uv": [ 0.0, 0.0, 2.0, 2.0 ], "windMode": [-1,-1,-1,-1] },
						"west": { "texture": "#gold", "uv": [ 0.0, 0.0, 2.0, 2.0 ], "windMode": [-1,-1,-1,-1] },
						"up": { "texture": "#gold", "uv": [ 7.5, 5.0, 11.5, 9.0 ], "autoUv": false, "windMode": [-1,-1,-1,-1] }
					},
					"children": [
						{
							"name": "Cube12",
							"from": [ -1.0, 1.0, 0.0 ],
							"to": [ 0.0, 2.0, 2.0 ],
							"rotationOrigin": [ -1.0, 1.0, 0.0 ],
							"faces": {
								"north": { "texture": "#gold", "uv": [ 0.0, 0.0, 1.0, 1.0 ], "windMode": [-1,-1,-1,-1] },
								"south": { "texture": "#gold", "uv": [ 0.0, 0.0, 1.0, 1.0 ], "windMode": [-1,-1,-1,-1] },
								"west": { "texture": "#gold", "uv": [ 0.0, 0.0, 2.0, 1.0 ], "windMode": [-1,-1,-1,-1] },
								"up": { "texture": "#gold", "uv": [ 9.5, 3.5, 11.5, 6.5 ], "autoUv": false, "windMode": [-1,-1,-1,-1] },
								"down": { "texture": "#gold", "uv": [ 0.0, 0.0, 1.0, 2.0 ], "windMode": [-1,-1,-1,-1] }
							}
						},
						{
							"name": "Cube13",
							"from": [ 0.0, 1.0, -1.0 ],
							"to": [ 2.0, 2.0, 0.0 ],
							"rotationOrigin": [ 2.0, 1.0, -1.0 ],
							"faces": {
								"north": { "texture": "#gold", "uv": [ 0.0, 0.0, 2.0, 1.0 ], "windMode": [-1,-1,-1,-1] },
								"east": { "texture": "#gold", "uv": [ 0.0, 0.0, 1.0, 1.0 ] },
								"west": { "texture": "#gold", "uv": [ 0.0, 0.0, 1.0, 1.0 ] },
								"up": { "texture": "#gold", "uv": [ 11.0, 4.0, 15.0, 8.0 ], "autoUv": false, "windMode": [-1,-1,-1,-1] },
								"down": { "texture": "#gold", "uv": [ 0.0, 0.0, 2.0, 1.0 ], "windMode": [-1,-1,-1,-1] }
							}
						},
						{
							"name": "Cube14",
							"from": [ 2.0, 1.0, 0.0 ],
							"to": [ 3.0, 2.0, 2.0 ],
							"rotationOrigin": [ 3.0, 1.0, 2.0 ],
							"faces": {
								"north": { "texture": "#gold", "uv": [ 0.0, 0.0, 1.0, 1.0 ], "windMode": [-1,-1,-1,-1] },
								"east": { "texture": "#gold", "uv": [ 0.0, 0.0, 2.0, 1.0 ], "windMode": [-1,-1,-1,-1] },
								"south": { "texture": "#gold", "uv": [ 0.0, 0.0, 1.0, 1.0 ] },
								"up": { "texture": "#gold", "uv": [ 7.5, 7.5, 10.5, 12.5 ], "autoUv": false, "windMode": [-1,-1,-1,-1] },
								"down": { "texture": "#gold", "uv": [ 0.0, 0.0, 1.0, 2.0 ], "windMode": [-1,-1,-1,-1] }
							}
						},
						{
							"name": "Cube15",
							"from": [ 0.0, 1.0, 2.0 ],
							"to": [ 2.0, 2.0, 3.0 ],
							"rotationOrigin": [ 0.0, 1.0, 3.0 ],
							"faces": {
								"east": { "texture": "#gold", "uv": [ 0.0, 0.0, 1.0, 1.0 ], "windMode": [-1,-1,-1,-1] },
								"south": { "texture": "#gold", "uv": [ 0.0, 0.0, 2.0, 1.0 ], "windMode": [-1,-1,-1,-1] },
								"west": { "texture": "#gold", "uv": [ 0.0, 0.0, 1.0, 1.0 ] },
								"up": { "texture": "#gold", "uv": [ 7.0, 8.0, 10.0, 11.0 ], "autoUv": false, "windMode": [-1,-1,-1,-1] },
								"down": { "texture": "#gold", "uv": [ 0.0, 0.0, 2.0, 1.0 ], "windMode": [-1,-1,-1,-1] }
							}
						}
					
					]
				}
			]
		}
	]}