{
    "code": "Thermos",
    "creativeinventory": {
      "general": [ "*" ]
    },
    "texture": {
      "base": "game:block/metal/ingot/steel"
    },
    "shape": {
      "base": "enhancedsurvival:item/Thermos"
    },
    "atrributes": {
      "shelvable" : "true",
      "shapebytype":	{
        "brassthermos": {"base": "enhancedsurvival:item/brassthermos"},
        "bronzethermos": {"base": "enhancedsurvival:item/bronzethermos"},
        "copperthermos": {"base": "enhancedsurvival:item/copperthermos"},
        "goldthermos": {"base": "enhancedsurvival:item/goldthermos"},
        "ironthermos": {"base": "enhancedsurvival:item/ironthermos"},
        "nickelthermos": {"base": "enhancedsurvival:item/nickelthermos"},
        "platinumthermos": {"base": "enhancedsurvival:item/platinumthermos"},
        "silverthermos": {"base": "enhancedsurvival:item/silverthermos"},
        "stainlesssteelthermos": {"base": "enhancedsurvival:item/stainlesssteelthermos"},
        "steelthermos": {"base": "enhancedsurvival:item/steelthermos"},
        "tinthermos": {"base": "enhancedsurvival:item/tinthermos"},
        "titaniumthermos": {"base": "enhancedsurvival:item/titaniumthermos"}
    }
  }
}